Montagne,Date,Name,Nationality,Cause of death
Annapurna-I,03/05/2019,Wui Kin Chin,Malaysia,Hypothermia/Frostbite
Annapurna-I,24/03/2015,Samuli Mansikka,Finland,Fall
Annapurna-I,24/03/2015,Pemba Sherpa,Nepal,Fall
Annapurna-I,07/10/2012,Ivan Lobanov,Uzbekistan,Avalanche
Annapurna-I,07/10/2012,Iljas Tukhvatullin,Uzbekistan,Avalanche
Annapurna-I,05/05/2012,Tibor Horváth,Hungary,Avalanche
Annapurna-I,18/10/2011,Young-seok Park,South Korea,Unknown
Annapurna-I,18/10/2011,Dong-min Shin,South Korea,Unknown
Annapurna-I,18/10/2011,Ki-seok Kang,South Korea,Unknown
Annapurna-I,29/04/2010,Tolo Calafat,Spain,Unknown
Annapurna-I,04/2009,Martin Minařík,Czech Republic,Fell into Crevasse
Annapurna-I,23/05/2008,Iñaki Ochoa de Olza,Spain,HACE
Annapurna-I,22/04/2007,Udhav Prasad Khanal,Nepal,Unknown
Annapurna-I,22/10/2006,Lhakpa Rita II,Nepal,Avalanche
Annapurna-I,18/05/2005,Christian Kuntner,Italy,Avalanche
Annapurna-I,10/10/2004,Hideji Nazuka,Japan,Avalanche
Annapurna-I,10/10/2004,Michio Sato,Japan,Avalanche
Annapurna-I,29/04/1999,Hyun-ok Ji,South Korea,Unknown
Annapurna-I,29/04/1999,Dorje Kami,Nepal,Unknown
Annapurna-I,26/04/1998,Ang Tshering,Nepal,Avalanche
Annapurna-I,25/12/1997,Anatoli Boukreev,Kazakhstan,Avalanche
Annapurna-I,25/12/1997,Dmitri Sobolev,Kazakhstan,Avalanche
Annapurna-I,23/03/1997,Ngati,Nepal,Fall
Annapurna-I,11/10/1992,Pierre Béghin,France,Fall
Annapurna-I,20/10/1991,Gabriel Denamur,Belgium,Unknown
Annapurna-I,19/09/1991,Seog-jee Lee,South Korea,Avalanche
Annapurna-I,19/09/1991,Song-gu Lee,South Korea,Avalanche
Annapurna-I,19/09/1991,Sange Dawa,Nepal,Avalanche
Annapurna-I,19/09/1991,Tendi Lhakpa,Nepal,Avalanche
Annapurna-I,19/09/1991,Jangbu Nurbu,Nepal,Avalanche
Annapurna-I,19/09/1991,Tenzing,Nepal,Avalanche
Annapurna-I,28/10/1989,Milan Metkov,Bulgaria,Unknown
Annapurna-I,28/10/1989,Ognian Stoykov,Bulgaria,Unknown
Annapurna-I,18/10/1988,Ramiro Navarrete,Ecuador,Fall
Annapurna-I,10/1988,Jiri Pelikan,Czechoslovakia,Fall on descent
Annapurna-I,29/09/1988,Akihiro Mori,Japan,Avalanche
Annapurna-I,29/09/1988,Ang Dawa,Japan,Avalanche
Annapurna-I,20/12/1987,Toshiyuki Kobayashi,Japan,Fall
Annapurna-I,20/12/1987,Yasuhira Saito,Japan,Fall
Annapurna-I,24/05/1987,Andres Ferrer,Spain,Fall
Annapurna-I,23/09/1986,Benoit Grison,France,Fall
Annapurna-I,07/12/1984,Pasang Norbu,Nepal,Unknown
Annapurna-I,07/12/1984,Keepa,Nepal,Unknown
Annapurna-I,21/04/1984,Philippe Dumas,France,Avalanche
Annapurna-I,21/04/1984,Patrick Taglianut,France,Avalanche
Annapurna-I,24/09/1983,Yang-kun Chung,South Korea,Avalanche
Annapurna-I,24/09/1983,Magar Maila,Nepal,Avalanche
Annapurna-I,24/09/1983,Rama Magar Tika,Nepal,Avalanche
Annapurna-I,18/10/1982,Susumu Akimatsu,Japan,Avalanche
Annapurna-I,18/10/1982,Miko Ono,Japan,Avalanche
Annapurna-I,17/10/1982,Alex MacIntyre,United Kingdom,Rock fall
Annapurna-I,12/05/1982,Rai Shanti,Nepal,Fall
Annapurna-I,04/05/1982,Werner Bürkli,Switzerland,Heart attack
Annapurna-I,31/10/1981,Yasuji Kato,Japan,Fall
Annapurna-I,28/09/1981,Andre Durieux,France,Avalanche
Annapurna-I,28/09/1981,Yves Favre,France,Avalanche
Annapurna-I,27/09/1981,Ang Nima,Nepal,Avalanche
Annapurna-I,27/09/1981,Pemba Tshering,Nepal,Avalanche
Annapurna-I,19/09/1979,Eric Roberts,United Kingdom,Avalanche
Annapurna-I,19/09/1979,Maynard Cohick,United States,Avalanche
Annapurna-I,19/09/1979,Gil Harder,United States,Avalanche
Annapurna-I,05/1979,Yves Morin,France,Exhaustion
Annapurna-I,17/10/1978,Alison Chadwick-Onyszkiewicz,United Kingdom,Fall
Annapurna-I,17/10/1978,Vera Watson,United States,Fall
Annapurna-I,16/04/1975,Franz Tegischer,Austria,Avalanche
Annapurna-I,26/09/1973,Leo Cerruti,Italy,Avalanche
Annapurna-I,26/09/1973,Miller Rava,Italy,Avalanche
Annapurna-I,18/05/1973,Tadashi Ushigoe,Japan,Avalanche
Annapurna-I,18/05/1973,Sadatoshi Takahashi,Japan,Avalanche
Annapurna-I,18/05/1973,Masanori Hama,Japan,Avalanche
Annapurna-I,18/05/1973,Kazumi Katagiri,Japan,Avalanche
Annapurna-I,18/05/1973,Rinje,Nepal,Avalanche
Annapurna-I,30/05/1970,Ian Clough,United Kingdom,Serac fall
Broad-Peak,19/07/2021,Kim Hong-bin,South Korea,Fall
Broad-Peak,07/2015,Qamber Ali Jangjupa,Pakistan,Avalanche
Broad-Peak,23/07/2013,Aidin Bozorgi,Iran,Disappeared
Broad-Peak,23/07/2013,Mojtaba Jarrahi,Iran,Disappeared
Broad-Peak,23/07/2013,Pouya Keivan,Iran,Disappeared
Broad-Peak,08/07/2013,Dana Heide,Germany,Slipped into a glacial stream near base camp
Broad-Peak,06/03/2013,Maciej Berbeka,Poland,Disappeared
Broad-Peak,06/03/2013,Tomasz Kowalski,Poland,Presumably exhaustion
Broad-Peak,31/07/2012,Muhammad Baqir,Pakistan,Fall
Broad-Peak,31/07/2012,Zuzana Hofmannová,Czech Republic,Disappeared
Broad-Peak,25/07/2011,Jeffrey Wai Hung Chung,Hong Kong,Fall in crevasse
Broad-Peak,18/07/2009,Cristina Castagna,Italy,Fall
Broad-Peak,30/06/2008,Vlado Plulik,Slovakia,Disappeared
Broad-Peak,08/07/2006,Markus Kronthaler,Austria,Exhaustion
Broad-Peak,11/07/1999,Seung-Kwon Hur,South Korea,Disappeared
Broad-Peak,29/07/1998,Pascale Bessieres,France,Disappeared
Broad-Peak,29/07/1998,Eric Escoffier,France,Disappeared
Broad-Peak,16/07/1997,Jeffrey Ian Bubb,United States,Avalanche
Broad-Peak,16/07/1997,Fukuzo Yokotagawa,Japan,Avalanche
Broad-Peak,20/07/1996,Dong-keun Han,South Korea,Died on descent due to bad weather
Broad-Peak,20/07/1996,Jae-mo Yang,South Korea,Died on descent due to bad weather
Broad-Peak,20/07/1996,Sun-taek Lim,South Korea,Died on descent due to bad weather
Broad-Peak,12/07/1995,Hyun-jae Park,South Korea,Fall
Broad-Peak,22/06/1994,Alexej Himer,Czech Republic,Fall
Broad-Peak,11/06/1994,Bohuslav Bilek,Czech Republic,Pulmonary edema
Broad-Peak,24/07/1990,Kurt Lyncke-Krüger,West Germany,Fall
Broad-Peak,20/08/1988,Yong-il Jang,South Korea,Avalanche
Broad-Peak,22/08/1986,Liam Scott Elliott,United Kingdom,Fell
Broad-Peak,18/08/1985,Barbara Kozłowska,Poland,Drowned in a glacier stream above BC
Broad-Peak,16/05/1985,Hans Frick,Canada,Avalanche
Broad-Peak,29/06/1983,Peter Thexton,United Kingdom,Pulmonary edema
Broad-Peak,05/08/1981,Enric Pujol,Spain,Fall
Broad-Peak,29/07/1975,Andrzej Sikorski,Poland,Fall
Broad-Peak,29/07/1975,Marek Kęsicki,Poland,Fall
Broad-Peak,28/07/1975,Bohdan Nowaczyk,Poland,Fall
Cho-Oyu,05/2019,Phujung Bhote,Nepal,Crevasse
Cho-Oyu,16/05/2018,Park Shin-yong,South Korea,Exhaustion or altitude sickness
Cho-Oyu,26/09/2011,Joerg Henning,Germany,Avalanche
Cho-Oyu,23/09/2011,Rostislav Krpec,Czech Republic,Unknown
Cho-Oyu,22/05/2011,Ronald Naar,Netherlands,Arrhythmia
Cho-Oyu,03/10/2010,Walter Nones,Italy,Fall
Cho-Oyu,03/05/2010,Serguey Nikitin,Russia,Altitude sickness
Cho-Oyu,25/09/2009,Clifton Maloney,United States,Illness
Cho-Oyu,02/06/2009,Dennis Verhoeve,Netherlands,Fall
Cho-Oyu,05/10/2008,Miha Valič,Slovenia,Altitude sickness
Cho-Oyu,04/10/2008,Guy Leveille,Canada,Fall
Cho-Oyu,09/05/2006,Raymund Spang,Germany,Fall
Cho-Oyu,11/05/2005,Lubos Stacho,Slovakia,Illness
Cho-Oyu,13/10/2004,Xabier Ormazabal,Spain,Hypothermia
Cho-Oyu,06/10/2003,Christos Barouchas,Greece,Exhaustion
Cho-Oyu,16/05/2003,Guenter Welkisch,Germany,Altitude sickness
Cho-Oyu,14/05/2003,Paul Carr,Australia,Illness
Cho-Oyu,14/05/2002,Adam Cinnamond,United Kingdom,Crevasse
Cho-Oyu,30/04/2002,Chhong Ringee,Nepal,Unknown
Cho-Oyu,09/09/2001,Su-ya Kim,South Korea,Altitude sickness
Cho-Oyu,11/10/2000,Pavle Milošević,Serbia and Montenegro,Illness
Cho-Oyu,20/09/2000,Pemba Gyalzen,Nepal,Avalanche
Cho-Oyu,20/09/2000,Pasang Nuru,Nepal,Avalanche
Cho-Oyu,20/09/2000,Pasang Nima,Nepal,Avalanche
Cho-Oyu,04/05/2000,Pavel Bonadysenko,Russia,Fall
Cho-Oyu,04/05/2000,Noora Toivonen,Finland,Fall
Cho-Oyu,16/01/1999,Joan Carrillo Junca,Spain,Fall
Cho-Oyu,26/09/1998,Alexander Jaggi,Switzerland,Illness
Cho-Oyu,13/05/1998,Gerald Roesner,Germany,Fall
Cho-Oyu,30/04/1998,Viktor Stepanov,Russia,Illness
Cho-Oyu,10/10/1996,Lubos Becak,Czech Republic,Altitude sickness
Cho-Oyu,06/10/1996,Hiroshi Oya,Japan,Altitude sickness
Cho-Oyu,20/04/1996,Friedrich Zintl,Germany,Illness
Cho-Oyu,08/10/1994,Lhakpa Gyalu,Nepal,Illness
Cho-Oyu,24/01/1994,Juan Carlos Piedra,Switzerland,Fall
Cho-Oyu,24/01/1994,Jean-Luc Beausire,Switzerland,Fall
Cho-Oyu,20/05/1992,Philippe Monnerat,Switzerland,Fall
Cho-Oyu,21/10/1991,Yuri Grebeniuk,Soviet Union,Falling rock/ice
Cho-Oyu,11/05/1991,Horst Wasmann,Germany,Fall
Cho-Oyu,07/05/1990,Chandra Gurung,Nepal,Illness
Cho-Oyu,25/12/1989,Ang Lhakpa Nuru,Nepal,Fall
Cho-Oyu,29/09/1988,Daniel Bovero,France,Altitude sickness
Cho-Oyu,12/05/1988,Stefan Wörner,Switzerland,Altitude sickness
Cho-Oyu,23/10/1986,Pierre-Alain Steiner,Switzerland,Fall
Cho-Oyu,19/05/1982,Reinhard Karl,West Germany,Avalanche
Cho-Oyu,07/05/1964,Alois Thurmayr,West Germany,Altitude sickness
Cho-Oyu,04/05/1964,Georg Huber,West Germany,Altitude sickness
Cho-Oyu,02/10/1959,Chhowang,Nepal,Avalanche
Cho-Oyu,02/10/1959,Ang Norbu,Nepal,Avalanche
Cho-Oyu,02/10/1959,Claudine van der Straten-Ponthoz,Belgium,Avalanche
Cho-Oyu,02/10/1959,Claude Kogan,France,Avalanche
Cho-Oyu,28/04/1958,Narendra Dhar Jayal,India,Altitude sickness
Dhaulagiri-I,12/04/2022,Antonios Sykaris,Greece,Illness
Dhaulagiri-I,27/09/2018,Dawa Gyaljen Sherpa,Nepal,Avalanche
Dhaulagiri-I,30/04/2018,Simone La Terra,Italy,Storm
Dhaulagiri-I,20/05/2017,Ang Ngima Sherpa,Nepal,Fall/Exposure
Dhaulagiri-I,19/05/2016,Rajib Bhattacharya,India,Altitude sickness
Dhaulagiri-I,16/05/2016,Christiaan Johan Wilson,Netherlands,Disappeared
Dhaulagiri-I,15/10/2014,Ján Matlák,Slovakia,Avalanche
Dhaulagiri-I,15/10/2014,Vladimír Švancár,Slovakia,Avalanche
Dhaulagiri-I,15/10/2014,Bhoj Kumar Rai,Nepal,Avalanche
Dhaulagiri-I,15/10/2014,Gopal Rai,Nepal,Avalanche
Dhaulagiri-I,15/10/2014,Dorje Sherpa,Nepal,Avalanche
Dhaulagiri-I,26/05/2013,Juanjo Garra,Spain,Fall and exposure
Dhaulagiri-I,23/05/2013,Chizuko Kono,Japan,Exhaustion
Dhaulagiri-I,23/05/2013,Dawa Sherpa,Nepal,Disappeared
Dhaulagiri-I,28/09/2010,Daisuke Honda,Japan,Avalanche
Dhaulagiri-I,28/09/2010,Osamu Tanabe,Japan,Avalanche
Dhaulagiri-I,28/09/2010,Pasang Gyelu,Nepal,Avalanche
Dhaulagiri-I,28/09/2010,Toshio Yamamoto,Japan,Avalanche
Dhaulagiri-I,13/05/2010,Zhao Liang,China,Fall
Dhaulagiri-I,13/05/2010,Li Bin,China,Cold/ Exhaustion
Dhaulagiri-I,13/05/2010,Han Xin,China,Fall
Dhaulagiri-I,05/2009,Mehdi Etemad Far,Iran,Fall
Dhaulagiri-I,08/04/2009,Piotr Morawski,Poland,Fall into crevasse
Dhaulagiri-I,05/05/2008,Rafael Guillén,Spain,Fall
Dhaulagiri-I,05/05/2008,Darío Bracali,Argentina,Disappeared
Dhaulagiri-I,12/05/2007,Santiago Sagaste,Spain,Avalanche
Dhaulagiri-I,12/05/2007,Ricardo Valencia,Spain,Avalanche
Dhaulagiri-I,30/04/2007,Sergio Dalla Longa,Italy,Fall
Dhaulagiri-I,14/10/2001,Yukihiko Shinagawa,Japan,Disappeared
Dhaulagiri-I,14/10/2001,Ryushi Hoshino,Japan,Disappeared
Dhaulagiri-I,14/10/2001,Masashi Fukumoto,Japan,Disappeared
Dhaulagiri-I,11/10/2001,Jose Antonio Garces,Spain,Fall
Dhaulagiri-I,07/10/2000,Gyalzen Chuldim,Nepal,Avalanche
Dhaulagiri-I,29/09/2000,Soo-ho Lee,South Korea,Avalanche
Dhaulagiri-I,24/10/1999,Ginette Harrison,United Kingdom,Avalanche
Dhaulagiri-I,24/10/1999,Dawa Dorje,Nepal,Avalanche
Dhaulagiri-I,02/10/1998,Charalampos (Babis) Tsoupras,Greece,Fall
Dhaulagiri-I,11/05/1998,Chantal Mauduit,France,Avalanche
Dhaulagiri-I,11/05/1998,Ang Tshering,Nepal,Avalanche
Dhaulagiri-I,05/1998,Nikos Papandreou,Greece,Fall
Dhaulagiri-I,06/10/1995,Isayoshi Tawaraya,Japan,Disappeared
Dhaulagiri-I,15/05/1995,Albrecht Hammann,Germany,Exposure
Dhaulagiri-I,18/10/1994,Galina Chekanova,Ukraine,Fall
Dhaulagiri-I,26/09/1994,Robert Bähler,Switzerland,Fall
Dhaulagiri-I,06/10/1993,Gary Ball,New Zealand,Altitude Sickness
Dhaulagiri-I,11/05/1992,Sanda Dumitrescu-Isaila,Romania,Disappeared
Dhaulagiri-I,11/05/1992,Taina Coliban,Romania,Disappeared
Dhaulagiri-I,02/05/1992,Hubert Weinzierl,Germany,Heart Failure
Dhaulagiri-I,31/10/1990,Dainius Makauskas,Lithuania,Disappeared
Dhaulagiri-I,29/04/1990,Wangel,Nepal,Avalanche
Dhaulagiri-I,25/12/1989,Scot McGrath,United States,Avalanche
Dhaulagiri-I,25/12/1989,Gregory Barber,United States,Avalanche
Dhaulagiri-I,25/12/1989,Wangchuk Nuru,Nepal,Avalanche
Dhaulagiri-I,10/10/1989,Francesc (Quico) Dalmases,Spain,Disappeared
Dhaulagiri-I,25/09/1989,Sarki Kami,Nepal,Avalanche
Dhaulagiri-I,25/09/1989,Ajiwa,Nepal,Avalanche
Dhaulagiri-I,21/09/1986,Franz Mülleder,Austria,Edema
Dhaulagiri-I,23/10/1984,Jan Simon,Czechoslovakia,Fall
Dhaulagiri-I,23/05/1981,Mario Serrano,Argentina,Cold/Exhaustion
Dhaulagiri-I,07/10/1980,Lynette R. Griffith,Australia,Avalanche
Dhaulagiri-I,14/05/1979,Sherpa Pemba,Nepal,Disappeared
Dhaulagiri-I,13/05/1979,Jean-Louis Sabarly,France,Avalanche
Dhaulagiri-I,13/05/1979,Eric Poumailloux,France,Avalanche
Dhaulagiri-I,20/10/1978,Katsuyoshi Kogure,Japan,Fall/Exposure
Dhaulagiri-I,23/09/1978,Kiyoshi Kobayashi,Japan,Avalanche
Dhaulagiri-I,23/09/1978,Yujiro Fukasawa,Japan,Avalanche
Dhaulagiri-I,23/09/1978,Hiroshi Akuzawa,Japan,Avalanche
Dhaulagiri-I,21/04/1978,Katsumi Naganuma,Japan,Exhaustion
Dhaulagiri-I,26/03/1975,Yoshitada Numao,Japan,Avalanche
Dhaulagiri-I,26/03/1975,Tetsu Imura,Japan,Avalanche
Dhaulagiri-I,26/03/1975,Pasang Kami,Nepal,Avalanche
Dhaulagiri-I,26/03/1975,Dorje,Nepal,Avalanche
Dhaulagiri-I,26/03/1975,Dakiya,Nepal,Avalanche
Dhaulagiri-I,28/04/1969,David Seidman,United States,Avalanche
Dhaulagiri-I,28/04/1969,Ross William,United States,Avalanche
Dhaulagiri-I,28/04/1969,Vincent Hoeman,United States,Avalanche
Dhaulagiri-I,28/04/1969,Paul Gerhard,United States,Avalanche
Dhaulagiri-I,28/04/1969,Boyd Everett,United States,Avalanche
Dhaulagiri-I,28/04/1969,Pemba Phutar,Nepal,Avalanche
Dhaulagiri-I,28/04/1969,Tenzing,Nepal,Avalanche
Dhaulagiri-I,29/04/1959,Heinrich Roiss,Austria,Cold/Exhaustion
Dhaulagiri-I,26/05/1956,Bal Bahadur,Nepal,Avalanche
Dhaulagiri-I,30/06/1954,Francisco (Paco) Ibanez,Argentina,Exposure
Everest,08/05/2022,Pavel Kostrikin,Russia,Fell sick
Everest,14/04/2022,Ngimi Tenji Sherpa,Nepal,Exhaustion and collapse
Everest,23/05/2021,Wong Dorchi Sherpa,Nepal,Fall into a crevasse
Everest,18/05/2021,Pemba Tashi Sherpa,Nepal,Fall into a crevasse
Everest,12/05/2021,Abdul Waraich,Switzerland,Exhaustion
Everest,12/05/2021,Puwei Liu,United States,Exhaustion
Everest,27/05/2019,Christopher Jon Kulish,United States,Cardiac event during descent
Everest,25/05/2019,Robin Haynes Fisher,United Kingdom,Exhaustion during descent
Everest,24/05/2019,Dhruba Bista,Nepal,Exhaustion and altitude sickness
Everest,24/05/2019,Kevin Hynes,Ireland,Altitude sickness
Everest,23/05/2019,Kalpana Dash,India,Exhaustion on descent
Everest,23/05/2019,Anjali S Kulkarni,India,Exhaustion on descent
Everest,23/05/2019,Ernst Landgraf,Austria,Exhaustion on descent
Everest,23/05/2019,Nihal Bagwan,India,Exhaustion on descent
Everest,22/05/2019,Donald Cash,United States,Altitude sickness
Everest,17/05/2019,Ravi Thakar,India,Altitude sickness
Everest,16/05/2019,Séamus (Shay) Lawless,Ireland,Presumed dead after fall
Everest,20/04/2019,Chris Daly,United States,Died after a fall while trekking down from base camp
Everest,21/05/2018,Damai Sarki Sherpa,Nepal,Fall into a crevasse
Everest,21/05/2018,Nobukazu Kuriki,Japan,"Hypothermia, had previously reported ""persistent cough and pain"" during attempt"
Everest,20/05/2018,Gjeorgi Petkov,North Macedonia,Cardiac arrest
Everest,18/05/2018,Pasang Norbu Sherpa,Nepal,Stroke
Everest,14/05/2018,Lam Babu Sherpa,Nepal,Disappearance (reportedly suffered from snow blindness)
Everest,21/05/2017,Ravi Kumar,India,Fall into a 200m crevasse
Everest,21/05/2017,Francesco Enrico Marchetti,Australia,Altitude sickness
Everest,21/05/2017,Vladimír Štrba,Slovakia,Altitude sickness
Everest,20/05/2017,Roland Yearwood,United States,Altitude sickness
Everest,05/05/2017,Min Bahadur Sherchan,Nepal,Heart Attack
Everest,22/05/2016,Goutam Ghosh,India,Exposure
Everest,22/05/2016,Paresh Chandra Nath,India,Exposure
Everest,22/05/2016,Subhash Pal,India,Altitude sickness
Everest,22/05/2016,Marisa Elizabeth Strydom,Australia  South Africa,"Snow blindness, stroke"
Everest,21/05/2016,Eric Arnold,Netherlands,Altitude sickness
Everest,19/05/2016,Phurba Sherpa,Nepal,Fall
Everest,11/05/2016,Charles MacAdams,Canada,Cardiac event
Everest,05/2015,Jangbu Sherpa,Nepal,Died in Kathmandu due to injuries sustained in the Base Camp avalanche following the April 2015 Nepal earthquake
Everest,25/04/2015,Unknown climber,?,Base Camp avalanche following the April 2015 Nepal earthquake
Everest,25/04/2015,Shiva Kumar Shrestha,Nepal,Base Camp avalanche following the April 2015 Nepal earthquake
Everest,25/04/2015,Vinh B Truong,United States Vietnam,Base Camp avalanche following the April 2015 Nepal earthquake
Everest,25/04/2015,Lhakpa Chhiring Sherpa,Nepal,Base Camp avalanche following the April 2015 Nepal earthquake
Everest,25/04/2015,Renu Fotedar,Australia India,Base Camp avalanche following the April 2015 Nepal earthquake
Everest,25/04/2015,Tenzing (Tengien) Bhote,Nepal,Base Camp avalanche following the April 2015 Nepal earthquake
Everest,25/04/2015,Krishna Kumar Rai,Nepal,Base Camp avalanche following the April 2015 Nepal earthquake
Everest,25/04/2015,Pasang Temba Sherpa,Nepal,Base Camp avalanche following the April 2015 Nepal earthquake
Everest,25/04/2015,Pema Yishi (Hissi) Sherpa,Nepal,Base Camp avalanche following the April 2015 Nepal earthquake
Everest,25/04/2015,Chhimi Dawa Sherpa,Nepal,Base Camp avalanche following the April 2015 Nepal earthquake
Everest,25/04/2015,Maila (Milan) Rai,Nepal,Base Camp avalanche following the April 2015 Nepal earthquake
Everest,25/04/2015,Dawa Tsering Sherpa,Nepal,Base Camp avalanche following the April 2015 Nepal earthquake
Everest,25/04/2015,Pemba Sherpa,Nepal,Base Camp avalanche following the April 2015 Nepal earthquake
Everest,25/04/2015,Thomas Ely Taplin,United States,Base Camp avalanche following the April 2015 Nepal earthquake
Everest,25/04/2015,Marisa Eve Girawong,United States,Base Camp avalanche following the April 2015 Nepal earthquake
Everest,25/04/2015,Daniel Paul Fredinburg,United States,Base Camp avalanche following the April 2015 Nepal earthquake
Everest,18/04/2014,Aash Bahadur Gurung,Nepal,2014 Mount Everest Avalanche
Everest,18/04/2014,PemTenji Sherpa,Nepal,2014 Mount Everest Avalanche
Everest,18/04/2014,Ankaji Sherpa,Nepal,2014 Mount Everest Avalanche
Everest,18/04/2014,Pasang Karma Sherpa,Nepal,2014 Mount Everest Avalanche
Everest,18/04/2014,Phur Temba Sherpa,Nepal,2014 Mount Everest Avalanche
Everest,18/04/2014,Then Dorjee Sherpa,Nepal,2014 Mount Everest Avalanche
Everest,18/04/2014,Dorjee Khatri,Nepal,2014 Mount Everest Avalanche
Everest,18/04/2014,Chhiring Ongchu Sherpa,Nepal,2014 Mount Everest Avalanche
Everest,18/04/2014,Lapka Tenjing Sherpa,Nepal,2014 Mount Everest Avalanche
Everest,18/04/2014,Phurba Ongyal Sherpa,Nepal,2014 Mount Everest Avalanche
Everest,18/04/2014,Tenzing Chottar Sherpa,Nepal,2014 Mount Everest Avalanche
Everest,18/04/2014,Nima Sherpa,Nepal,2014 Mount Everest Avalanche
Everest,18/04/2014,Ang Tshiri Sherpa,Nepal,2014 Mount Everest Avalanche
Everest,18/04/2014,Dorji Sherpa,Nepal,2014 Mount Everest Avalanche
Everest,18/04/2014,Mingma Nuru Sherpa,Nepal,2014 Mount Everest Avalanche
Everest,02/04/2014,Mingma Tenzing Sherpa,Nepal,HAPE
Everest,22/05/2013,Unknown climber,Nepal,Suspected altitude sickness
Everest,21/05/2013,Sajal Khaled(Mohammed Khaled Hossain),Bangladesh,Suspected altitude sickness
Everest,21/05/2013,Seo Sung-ho,South Korea,Suspected altitude sickness
Everest,17/05/2013,Namgyal Sherpa,Nepal,Unknown
Everest,15/05/2013,Alexey Bolotov,Russia,Fall
Everest,07/05/2013,Lobsang Sherpa,Nepal,Fall
Everest,05/05/2013,Sergey Ponomarev,Russia,Suspected cardiac arrest
Everest,05/05/2013,DaRita Sherpa,Nepal,Suspected cardiac arrest
Everest,07/04/2013,Mingma Sherpa,Nepal,Falling into a crevasse
Everest,20/05/2012,Ralf D. Arnold,Germany,Exhaustion and related complications after breaking leg at Second Step
Everest,20/05/2012,Juan José Polo Carbayo,Spain,Exhaustion
Everest,20/05/2012,Ha Wenyi,China,Suspected altitude sickness
Everest,19/05/2012,Song Won-bin,South Korea,Fall
Everest,19/05/2012,Eberhard Schaaf,Germany,Cerebral oedema
Everest,19/05/2012,Shriya Shah-Klorfine,Canada,Exhaustion
Everest,21/04/2012,Namgyal Tshering Sherpa,Nepal,Fall into a crevasse
Everest,20/04/2012,Ramesh Gulve,India,Stroke
Everest,19/04/2012,Karsang Namgyal Sherpa,Nepal,Altitude sickness
Everest,05/04/2012,Dawa Tenzing,Nepal,Stroke (CVA)
Everest,15/09/2011,Hiroaki Kino,Japan,Cerebral apoplexy
Everest,21/05/2011,John Delaney,Ireland,Altitude sickness
Everest,12/05/2011,Takashi Ozaki,Japan,Altitude sickness
Everest,09/05/2011,Shailendra Kumar Upadhyaya,Nepal,Altitude sickness
Everest,05/2011,Rick Hitch,United States,Heart attack
Everest,26/05/2010,Peter Kinloch,United Kingdom,Exhaustion
Everest,19/05/2010,Tom Jørgensen,Denmark,HACE
Everest,26/04/2010,László Várkonyi,Hungary,Avalanche crevasse fall
Everest,21/05/2009,Frank Ziebarth,Canada,Hypothermia and lack of oxygen
Everest,19/05/2009,Wenhong Wu,China,Altitude sickness
Everest,18/05/2009,Věslav Chrzaszcz,Czech,Heart attack
Everest,07/05/2009,Lhakpa Nuru,Nepal,Avalanche
Everest,21/05/2008,Uwe Gianni Goltz,Switzerland,Exhaustion
Everest,17/05/2007,Lee Hyun-jo,South Korea,Unknown
Everest,17/05/2007,Oh Hee-joon,South Korea,Unknown
Everest,17/05/2007,Maurizio Pierangelo,Italy,Unknown
Everest,16/05/2007,Yoshitomi Okura,Japan,Unknown
Everest,17/05/2007,Libor Kozak,Czech,Unknown
Everest,17/05/2007,Shinichi Ishii,Japan,Unknown
Everest,26/04/2007,Dawa Sherpa,Nepal,Unknown
Everest,25/05/2006,Thomas Weber,Germany,Altitude sickness
Everest,22/05/2006,Igor Plyushkin,Russia,Altitude sickness
Everest,19/05/2006,Vitor Negrete,Brazil,Exposure and/or exhaustion
Everest,16/05/2006,Tomas Olsson,Sweden,Fall
Everest,15/05/2006,David Sharp,United Kingdom,Exposure and/or exhaustion
Everest,14/05/2006,Srikrishna,India,Fall
Everest,06/05/2006,Jacques-Hugues Letrange,France,Exhaustion
Everest,21/04/2006,Dawa Temba,Nepal,Avalanche
Everest,21/04/2006,Lhakpa Tseri,Nepal,Avalanche
Everest,21/04/2006,Ang Phinjo Sherpa,Nepal,Avalanche
Everest,07/04/2006,Tuk Bahadur Thapa Magar Sherpa,Nepal,Altitude
Everest,05/06/2005,Robert William Milne,United Kingdom,Organ failure due to freezing conditions
Everest,04/06/2005,Dieter Kramer,Germany,Exposure
Everest,30/05/2005,Sirigereshiva Shankarappa Chaitanya,India,Exposure
Everest,21/05/2005,Marko Lihteneker,Slovenia,Oxygen problems
Everest,02/05/2005,Michael Corey O'Brien,United States,Fall into a crevasse
Everest,28/04/2005,Sean Egan,Canada,Heart attack
Everest,23/05/2004,Mariana Prodanova Maslarova,Bulgaria,Exposure
Everest,20/05/2004,Shoko Ota,Japan,Exposure
Everest,20/05/2004,Hristo Ganchev Hristov,Bulgaria,Exposure
Everest,18/05/2004,Nils Antezana,United States Bolivia,Exposure
Everest,18/05/2004,Mu-taek Park,South Korea,Exposure
Everest,18/05/2004,Min Jang,South Korea,Exposure
Everest,18/05/2004,Joon-ho Baek,South Korea,Exposure
Everest,24/05/2003,Karma Gyalzen Sherpa,Nepal,Altitude sickness
Everest,08/05/2003,Arnaud Saulnier,France,Sickness in tent
Everest,25/05/2003,Jan Krzysztof Liszewski,Poland,Fall
Everest,27/05/2003,Bhim Bahadur Gurung,Nepal,Fall into a crevasse
Everest,08/09/2002,Marco Siffredi,France,Snowboarding accident
Everest,19/05/2002,Zoran Miletić,FR Yugoslavia,Exact cause and date of death unknown
Everest,30/04/2002,Peter Legate,United Kingdom,Fall into a crevasse
Everest,17/10/2001,Sándor Gárdos,Hungary,Fall
Everest,24/05/2001,Aleksei Nikiforov,Russia,"Pre-existing illness exacerbated by freezing conditions, altitude"
Everest,24/05/2001,Mark Auricht,Australia,Cerebral oedema
Everest,23/05/2001,Peter Ganner,Austria,Fall
Everest,29/04/2001,Babu Chiri Sherpa,Nepal,Fall
Everest,21/05/2000,Yan Genghua,China,"Disappeared after reaching the north summit; body found on May 27, 2000; likely accidental death during descent"
Everest,20/05/2000,Jeppe Stoltz,Denmark,Fall
Everest,18/05/1999,Pascal Debrouwer,Belgium,Fall
Everest,18/05/1999,Tadeusz Kudelski,Poland,Fall
Everest,13/05/1999,Michael Matthews,United Kingdom,Unknown
Everest,08/05/1999,Vasyl Kopytko,Ukraine,Unknown cause
Everest,24/07/1998,Shahid Abdul Khader,India,Died due to fall
Everest,26/05/1998,Roger Buick,New Zealand,Exhaustion
Everest,25/05/1998,Mark Jennings,United Kingdom,Exhaustion
Everest,24/05/1998,Francys Arsentiev,United States,Exposure and/or cerebral oedema
Everest,24/05/1998,Sergei Arsentiev,United States,100m fall
Everest,08/09/1997,Choi Byong-soo,South Korea,Avalanche
Everest,08/09/1997,Tenzing Nuru,Nepal,Disappearance (likely accidental death during climb)
Everest,08/05/1997,Peter Kowalzik,Germany,Disappearance (likely accidental death during climb)
Everest,07/05/1997,Mingma,Nepal,Fall
Everest,07/05/1997,Nikolai Shevtchenko,Russia,Exhaustion and/or exposure
Everest,07/05/1997,Ivan Plotnikov,Russia,Exhaustion and/or exposure
Everest,07/05/1997,Aleksandr Torochin,Russia,Fall
Everest,06/05/1997,Nima Rinzi,United Kingdom,Fall
Everest,23/04/1997,Malcolm Duff,United Kingdom,Heart attack (at Base camp)
Everest,25/09/1996,Dawa,Nepal,Avalanche
Everest,25/09/1996,Lopsang Jangbu,Nepal,Avalanche
Everest,25/09/1996,Yves Bouchon,France,Avalanche
Everest,06/06/1996,Ngawang Topche,Nepal,Lapsed into coma on 23 Apr 1996; later died in hospital
Everest,25/05/1996,Bruce Herrod,United Kingdom,Rope accident
Everest,19/05/1996,Reinhard Wlasich,Austria,Altitude sickness
Everest,11/05/1996,Tsewang Samanla,India,Exposure
Everest,11/05/1996,Tsewang Paljor,India,Exposure
Everest,11/05/1996,Dorje Morup,India,Exposure
Everest,11/05/1996,Yasuko Namba,Japan,Exposure
Everest,11/05/1996,Andrew Harris,New Zealand,Disappearance (likely accidental death during climb)
Everest,11/05/1996,Doug Hansen,United States,Exposure
Everest,11/05/1996,Rob Hall,New Zealand,Exposure
Everest,11/05/1996,Scott Fischer,United States,"Suspected HACE (high-altitude cerebral edema), exhaustion, frostbite and exposure."
Everest,09/05/1996,Chen Yu-Nan,Taiwan,Injuries from a fall
Everest,14/10/1995,Zangbu,Nepal,Fall
Everest,10/09/1995,Lhakpa Nuru,Nepal,Unknown
Everest,06/05/1995,Kami Rita,Nepal,Fall
Everest,12/09/1994,Mingma Norbu,Nepal,Avalanche
Everest,27/05/1994,Mike Rheinberger,Australia,"150m fall. He showed signs of exhaustion, dehydration, cerebral oedema, retinal hemorrhages and possible blood clots in his upper legs."
Everest,18/05/1994,Giuseppe Vigani,Italy,Fall
Everest,09/05/1994,Shih Fang-Fang 'Norman',Taiwan,Exhaustion and/or exposure
Everest,06/04/1994,Prem Thapa,Nepal,Cerebral oedema
Everest,07/10/1993,Antonio Miranda,Spain,Fall
Everest,05/10/1993,Karl Henize,United States,HAPE
Everest,17/05/1993,A Jin-seob,South Korea,Fall
Everest,16/05/1993,Nam Won-woo,South Korea,Fall
Everest,10/05/1993,Lobsang Tshering Bhutia,Nepal,Fall
Everest,23/04/1993,Sonam Tshering,Nepal,Disappearance (likely accidental death during climb)
Everest,23/04/1993,Pasang Lhamu Sherpa,Nepal,Disappearance (likely accidental death during climb)
Everest,15/01/1993,Ang Tshering,Nepal,Fall
Everest,23/05/1992,Manabu Hoshi,Japan,Disappearance (likely accidental death during climb)
Everest,23/05/1992,Sher Singh,India,Fall
Everest,11/05/1992,Subba Singh,Nepal,Heart attack
Everest,02/05/1992,Raymond Jacob,India,Exposure
Everest,02/05/1992,Deepak Kulkarni,India,Exposure
Everest,27/05/1991,Junichi Futagami,Japan,Fall
Everest,03/05/1991,Rüdiger Lang,Germany,Exposure
Everest,07/10/1990,Ham Sang-hun,South Korea,Disappearance (likely accidental death during climb)
Everest,14/09/1990,Badri Nath,Nepal,Avalanche
Everest,14/09/1990,Ang Sona,Nepal,Avalanche
Everest,14/09/1990,Rafael Gómez-Menor,Spain,Avalanche
Everest,12/12/1989,Ang Pinjo,Nepal,"Altitude sickness, heart attack"
Everest,28/05/1989,Eugeniusz Chrobak,Poland,Avalanche injuries
Everest,27/05/1989,Wacław Otręba,Poland,Avalanche
Everest,27/05/1989,Andrzej Heinrich,Poland,Avalanche
Everest,27/05/1989,Mirosław Gardzielewski,Poland,Avalanche
Everest,27/05/1989,Mirosław Dąsal,Poland,Avalanche
Everest,16/05/1989,Phu Dorje,Nepal,Fall
Everest,10/05/1989,Dimitar Ilievski-Murato,Yugoslavia,Fall
Everest,23/12/1988,Ang Lhakpa,Nepal,Cerebral thrombosis
Everest,17/10/1988,Jozef Just,Czechoslovakia,Disappearance (likely accidental death during descent after reaching South Summit with Jozef Just rejoining group after he summited Everest solo)
Everest,17/10/1988,Jaroslav Jaško,Czechoslovakia,Disappearance (likely accidental death during descent after reaching South Summit with Jozef Just rejoining group after he summited Everest solo)
Everest,17/10/1988,Peter Božík,Czechoslovakia,Disappearance (likely accidental death during descent after reaching South Summit with Jozef Just rejoining group after he summited Everest solo)
Everest,17/10/1988,Dušan Becík,Czechoslovakia,Disappearance (likely accidental death during descent after reaching South Summit with Jozef Just rejoining group after he summited Everest solo)
Everest,13/10/1988,Pasang Temba,Nepal,Fall
Everest,13/10/1988,Lhakpa Sonam,Nepal,Fall
Everest,21/09/1988,Narayan Shrestha,Nepal,Avalanche
Everest,20/09/1988,Michel Parmentier,France,Exposure
Everest,21/04/1988,Hidetaka Mizukoshi,Japan,Heart attack (at Base camp)
Everest,20/10/1987,Mangal Singh,Nepal,Avalanche
Everest,02/09/1987,Masao Yokoyama,Japan,Drowned
Everest,21/05/1987,Roger Marshall,Canada,Disappearance (likely accidental death during descent)
Everest,30/01/1987,Tsuttin Dorje,Nepal,Fall
Everest,17/10/1986,Dawa Norbu,Nepal,Avalanche
Everest,04/10/1986,Gyalu,Nepal,Crushed under serac
Everest,28/09/1986,Simon Burkhardt,Switzerland,Avalanche
Everest,16/08/1986,Víctor Hugo Trujillo,Chile,Avalanche
Everest,11/10/1985,M.U. Bhaskar Rao,India,Exposure
Everest,11/10/1985,Vijay Pal Singh Negi,India,Exposure
Everest,11/10/1985,Ranjeet Singh Bakshi,India,Exposure
Everest,11/10/1985,Jai Bahugana,India,Exposure
Everest,07/10/1985,Kiran Inder Kumar,India,Fall
Everest,19/09/1985,Shinichi Ishii,Japan,Avalanche
Everest,12/05/1985,Juanjo Navarro,Spain,Fall
Everest,24/10/1984,Yogendra Bahadur Thapa,Nepal,Fall
Everest,24/10/1984,Ang Dorje,Nepal,Fall
Everest,16/10/1984,Jozef Psotka,Czechoslovakia,Fall
Everest,09/10/1984,Craig Nottle,Australia,Fall
Everest,09/10/1984,William (Fred) From,Australia,"Fall, while searching for Craig Nottle"
Everest,21/04/1984,Hristo Ivanov Prodanov,Bulgaria,Disappearance (likely accidental death during descent)
Everest,03/04/1984,Tony Swierzy,United Kingdom,Avalanche
Everest,26/03/1984,Ang Rinji,Nepal,Avalanche
Everest,09/10/1983,Hiroshi Yoshino,Japan,Fall
Everest,08/10/1983,Pasang Temba,Nepal,Fall
Everest,08/10/1983,Hironobu Kamuro,Japan,Fall
Everest,28/12/1982,Toshiaki Kobayashi,Japan,Disappearance (likely accidental death during climb)
Everest,28/12/1982,Yasuo Kato,Japan,Disappearance (likely accidental death during climb)
Everest,14/10/1982,Nima Dorje,Nepal,Fall
Everest,27/09/1982,Lhakpa Tshering,Nepal,Internal hemorrhage
Everest,02/09/1982,Blair Griffiths,Canada,Crushed under serac
Everest,31/08/1982,Pasang Sona,Nepal,Avalanche
Everest,31/08/1982,Dawa Dorje,Nepal,Avalanche
Everest,31/08/1982,Ang Chuldim,Nepal,Avalanche
Everest,17/05/1982,Joe Tasker,United Kingdom,Disappearance (likely accidental death during climb)
Everest,17/05/1982,Peter Boardman,United Kingdom,Disappearance (likely accidental death during climb)
Everest,15/05/1982,Marty Hoey,United States,Fall
Everest,12/01/1981,Noboru Takenaka,Japan,Fall
Everest,22/09/1980,Mario Piana,Italy,Crushed under serac
Everest,06/09/1980,Nawang Kersang,Nepal,Fall
Everest,02/05/1980,Akira Ube,Japan,Avalanche
Everest,12/10/1979,Nima Thaxi,China,Avalanche
Everest,12/10/1979,Lou Lan,China,Avalanche
Everest,12/10/1979,Wang Hong-bao,China,Avalanche
Everest,02/10/1979,Hannelore Schmatz,West Germany,"Exposure, exhaustion"
Everest,02/10/1979,Ray Genet,United States,"Exposure, exhaustion"
Everest,16/05/1979,Ang Phu,Nepal,Fall
Everest,18/04/1978,Shi Ming-ji,China,Fall into a crevasse
Everest,18/04/1978,Dawa Nuru,Nepal,Fall into a crevasse
Everest,10/04/1976,Terry Thompson,United Kingdom,Fall into a crevasse
Everest,26/09/1975,Mick Burke,United Kingdom,Disappearance (likely accidental death during climb)
Everest,08/1975,Unknown ; deaf-mute Sherpa porter,Nepal,Drowned
Everest,04/05/1975,Wu Zhuong Yue,China,"Exhaustion, fall"
Everest,09/09/1974,Sanu Wongal,Nepal,Avalanche
Everest,09/09/1974,Nima Wangchu,Nepal,Avalanche
Everest,09/09/1974,Nawang Lutuk,Nepal,Avalanche
Everest,09/09/1974,Lhakpa,Nepal,Avalanche
Everest,09/09/1974,Pemba Dorje,Nepal,Avalanche
Everest,09/09/1974,Gérard Devouassoux,France,Avalanche
Everest,12/10/1973,Jangbu,Nepal,Avalanche
Everest,16/11/1972,Tony Tighe,Australia,Crushed under serac
Everest,18/04/1971,Harsh Vardhan,India,Succumbed after falling and being suspended above a crevasse during a blizzard
Everest,21/04/1970,Kiyoshi Narita,Japan,Heart attack
Everest,09/04/1970,Kyak Tsering,Nepal,"""by fall of seracs"""
Everest,05/04/1970,Kami Tshering,Nepal,Avalanche
Everest,05/04/1970,Pasang,Nepal,Avalanche
Everest,05/04/1970,Mima Norbu,Nepal,Avalanche
Everest,05/04/1970,Kunga Norbu,Nepal,Avalanche
Everest,05/04/1970,Nima Dorje,Nepal,Avalanche
Everest,18/10/1969,Phu Dorjee Sherpa,Nepal,Fall into a crevasse
Everest,05/1966,Ma Gao-shu,China,Fall
Everest,23/03/1963,Jake Breitenbach,United States,Crushed under serac
Everest,28/04/1962,Nawang Tshering,Nepal,Unknown
Everest,29/04/1960,Shao Shi-Ching,China,Unknown
Everest,11/04/1960,Wang Ji,China,Mountain sickness
Everest,31/10/1952,Dorje Mingma,Nepal,Falling ice
Everest,31/05/1934,Maurice Wilson,United Kingdom,"Possible exhaustion, exposure or starvation. Body found 1935"
Everest,09/06/1924,George Mallory,United Kingdom,Possible ice axe injury following a fall. Body found in 1999
Everest,09/06/1924,Andrew Irvine,United Kingdom,Unknown. Body never found
Everest,17/05/1924,Lance-Naik Shamsherpun,Nepal,Brain hemorrhage
Everest,13/05/1924,Man Bahadur,Nepal,Pneumonia
Everest,07/06/1922,Temba,Nepal,Avalanche
Everest,07/06/1922,Sange,Nepal,Avalanche
Everest,07/06/1922,Pema,Nepal,Avalanche
Everest,07/06/1922,Pasang,Nepal,Avalanche
Everest,07/06/1922,Norbu,Nepal,Avalanche
Everest,07/06/1922,Lhakpa,Nepal,Avalanche
Everest,07/06/1922,Dorge,Nepal,Avalanche
Gasherbrum-I,09/08/2013,Zdenek Hruby,Czech Republic,Fall
Gasherbrum-I,22/07/2013,Xevi Gómez,Spain,Disappeared
Gasherbrum-I,22/07/2013,Álvaro Paredes,Spain,Disappeared
Gasherbrum-I,22/07/2013,Abel Alonso,Spain,Disappeared
Gasherbrum-I,07/07/2013,Artur Hajzer,Poland,Fall
Gasherbrum-I,09/03/2012,Gerfried Göschl,Austria,Disappeared
Gasherbrum-I,09/03/2012,Cedric Hählen,Switzerland,Disappeared
Gasherbrum-I,09/03/2012,Nissar Hussain,Pakistan,Disappeared
Gasherbrum-I,18/06/2008,Jean-Noel Urban,France,Fall into crevasse
Gasherbrum-I,29/07/2007,Jiri Danek,Czech Republic,Fall
Gasherbrum-I,05/08/2005,Dawa Nurbu II,Nepal,Fall
Gasherbrum-I,25/07/2004,Jose Antonio Anton,Spain,Fall
Gasherbrum-I,07/09/2003,Mohammad Oraz,Iran,"Avalanche caused injuries, died in hospital"
Gasherbrum-I,15/07/2003,Vladimir Pestrikov,Ukraine,Stone fall
Gasherbrum-I,05/07/2003,Jose Manuel Buenaga,Spain,Disappeared
Gasherbrum-I,05/07/2003,Nancy Silvestrini,Argentina,Disappeared
Gasherbrum-I,09/07/2001,Claudio Gálvez Santibañez,Chile,"Fall, after successfully summiting"
Gasherbrum-I,08/1998,Yoshiumi Hayoshida,Japan,Avalanche
Gasherbrum-I,08/1998,Kasunori Kutama,Japan,Avalanche
Gasherbrum-I,08/1998,Kasutoshi Naito,Japan,Avalanche
Gasherbrum-I,08/1998,Takashi Watanabe,Japan,Avalanche
Gasherbrum-I,17/07/1996,Manuel Alvarez,Spain,Fall (between Camp III and Camp II)
Gasherbrum-I,30/05/1993,Paolo Bernascone,Italy,Slab avalanche (below Camp I)
Gasherbrum-I,19/08/1990,Josep Granyo,Spain,Disappeared
Gasherbrum-I,19/08/1990,Albert Ibanez,Spain,Disappeared
Gasherbrum-I,12/07/1989,Dorje Tsindi,Nepal,Fall
Gasherbrum-I,25/06/1988,Jorge Luis Brito,Mexico,Pulmonary edema
Gasherbrum-I,29/07/1987,Mohsin Ali,Pakistan,Avalanche
Gasherbrum-I,29/07/1987,Fakhar-ul-Islam,Pakistan,Avalanche
Gasherbrum-I,29/07/1987,Fayyaz Hussain,Pakistan,Avalanche
Gasherbrum-I,29/07/1987,Khalid Khan,Pakistan,Avalanche
Gasherbrum-I,18/08/1986,Andreas Bührer,Switzerland,Fall
Gasherbrum-I,31/05/1986,Muhammad Ali Ghulam,Pakistan,Pneumonia
Gasherbrum-I,09/06/1977,Drago Bregar,Yugoslavia,Disappeared
Gasherbrum-Ii,25/07/2015,Aleksander Ostrowski,Poland,Avalanche
Gasherbrum-Ii,22/07/2011,Leila Esfandyari,Iran,Fall While Return
Gasherbrum-Ii,21/07/2009,Luis María Barbero,Spain,Disappeared
Gasherbrum-Ii,18/07/2007,Ernst-Robert Zauner,Germany,Avalanche
Gasherbrum-Ii,18/07/2007,Arne Heckele,Germany,Avalanche
Gasherbrum-Ii,03/07/2007,Ulrike Gschwandtner,Austria,Possibly Heart Failure
Gasherbrum-Ii,20/07/2001,Jean-François Bassine,Belgium,Fall
Gasherbrum-Ii,28/07/2000,Felix Iñurrategui,Spain,Fall
Gasherbrum-Ii,13/07/1989,Antton Ibarguren,Spain,Fall
Gasherbrum-Ii,09/07/1988,Gary Silver,United States,Illness
Gasherbrum-Ii,06/07/1988,Michel Basson,France,Pulmonary Edema
Gasherbrum-Ii,25/06/1988,Henri Albet,France,Fall on snowboard
Gasherbrum-Ii,29/06/1987,Jean-Pierre Hefti,Switzerland,Fall
Gasherbrum-Ii,12/07/1986,Carlos Rabago,Spain,Illness
Gasherbrum-Ii,11/07/1985,Pierre Bouygues,France,Illness
Gasherbrum-Ii,24/06/1985,Toru Nakano,Japan,Fall
Gasherbrum-Ii,15/07/1982,Norbert Wolf,Austria,Cold
Gasherbrum-Ii,15/07/1982,Gerhard Gruner,West Germany,Disappeared
Gasherbrum-Ii,02/07/1982,Glenn Brindeiro,United States,Avalanche
Gasherbrum-Ii,06/1976,Osamu Matsuura,Japan,Exhaustion
Gasherbrum-Ii,27/05/1976,Yoshinori Hiramatsu,Japan,Fall
Gasherbrum-Ii,27/05/1976,Taketoshi Miyamoto,Japan,Fall
Gasherbrum-Ii,28/06/1975,Bernard Villaret,France,"Cold, exhaustion"
K2,25/07/2021,Rick Allen,United Kingdom,Avalanche
K2,05/02/2021,Ali Sadpara,Pakistan,"Frozen to death due to storm, remains found July 2021"
K2,05/02/2021,Juan Pablo Mohr Prieto,Chile,"Frozen to death due to storm, remains found July 2021"
K2,05/02/2021,John Snorri Sigurjónsson,Iceland,"Frozen to death due to storm, remains found July 2021"
K2,05/02/2021,Atanas Skatov,Bulgaria,Fall during descent from base 3
K2,16/01/2021,Sergi Mingote,Spain,Fall during descent from base 1
K2,22/07/2018,Kojiro Watanabe,Japan,Fall during descent
K2,07/07/2018,Serge Dessureault,Canada,Fall
K2,30/07/2014,Miguel Ángel Pérez,Spain,Probably altitude sickness
K2,26/07/2013,Marty Schmidt,New Zealand / USA,Avalanche
K2,26/07/2013,Denali Schmidt(son of Marty Schmidt),New Zealand / USA,Avalanche
K2,06/02/2012,Vitaliy Gorelik,Russia,"Frostbite, Cardiac Insufficiency"
K2,06/08/2010,Fredrik Ericsson,Sweden,Fall from bottle neck
K2,17/07/2010,Petar Georgiev Unzhiev,Bulgaria,Altitude sickness
K2,23/06/2009,Michele Fait,Italy,Fall with skis
K2,02/08/2008,Hwang Dong-jin,South Korea,Fourth serac fall
K2,02/08/2008,Park Kyeong-hyo,South Korea,Fourth serac fall
K2,02/08/2008,Kim Hyo-gyung,South Korea,Fourth serac fall
K2,02/08/2008,Meherban Karim,Pakistan,"Unknown, Second or third serac fall"
K2,02/08/2008,Hugues d'Aubarede,France,Fall during descent
K2,02/08/2008,Gerard McDonnell,Ireland,Second or third serac fall
K2,02/08/2008,Pasang Bhote,Nepal,Fourth serac fall
K2,02/08/2008,Jumic Bhote,Nepal,Fourth serac fall
K2,02/08/2008,Rolf Bae,Norway,First serac fall
K2,02/08/2008,Jahan Baig,Pakistan,Fall
K2,02/08/2008,Dren Mandić,Serbia,Fall
K2,20/07/2007,Stefano Zavka,Italy,Lost
K2,20/07/2007,Nima Nurbu,Nepal,Fall from bottle neck
K2,13/08/2006,Arkadi Kuvakin,Russia,Avalanche
K2,13/08/2006,Aleksandr Foigt,Russia,Avalanche
K2,13/08/2006,Piotr Kuznetsov,Russia,Avalanche
K2,13/08/2006,Yuri Uteshev,Russia,Avalanche
K2,19/08/2004,Manel de la Mata,Spain,Pulmonary edema
K2,02/08/2004,Dauoud Khadem Asl,Iran,Lost in storm
K2,02/08/2004,Sergei Sokolov,Russia,Lost in storm
K2,28/07/2004,Aleksandr Gubaev,Kyrgyzstan,Fall
K2,08/06/2004,Pae Kyong-kyu,South Korea,Avalanche
K2,08/06/2004,Kim Jae-koung,South Korea,Avalanche
K2,08/06/2004,Lee Hwa-hyeung,South Korea,Avalanche
K2,21/07/2003,Klaus-Dieter Grohs,Germany,Fall
K2,22/07/2002,Muhammad Iqbal,Pakistan,Fall
K2,13/07/2002,Sher Ajman,Pakistan,Avalanche
K2,22/07/2001,Park Young-do,South Korea,Fall
K2,10/07/1999,Mihai Cioroianu,Romania,Hit by rockfall
K2,14/08/1996,Igor Benkin,Russia,Exhaustion
K2,29/07/1996,Lorenzo Mazzoleni,Italy,Fall
K2,15/08/1995,Jeff Lakes,Canada,Exhaustion
K2,13/08/1995,Bruce Grant,New Zealand,Killed in a storm
K2,13/08/1995,Rob Slater,USA,Killed in a storm
K2,13/08/1995,Alison Hargreaves,United Kingdom,Killed in a storm
K2,13/08/1995,Javier Escartin,Spain,Killed in a storm
K2,13/08/1995,Javier Olivar,Spain,Killed in a storm
K2,13/08/1995,Lorenzo Ortiz,Spain,Killed in a storm
K2,06/07/1995,Jordi Anglès,Spain,Fall
K2,11/08/1994,"Juan Antonio ""Atxo"" Apellániz",Spain,HACE
K2,24/07/1994,Steve Untch,USA,"Fall, broken rope"
K2,10/07/1994,Dmitri Ibragim-Zade,Ukraine,Killed in a storm
K2,10/07/1994,Aleksandr Parkhomenko,Ukraine,Killed in a storm
K2,10/07/1994,Aleksei Kharaldin,Ukraine,Killed in a storm
K2,31/07/1993,Daniel Bidner,Sweden,"Altitude sickness, Fall"
K2,30/07/1993,Reinmar Joswig,Germany,Fall
K2,30/07/1993,Peter Mezger,Germany,Fall
K2,07/07/1993,Dan Culver,Canada,Fall
K2,15/06/1993,Boštjan Kekec,Slovenia,Altitude sickness
K2,14/08/1992,Adrián Benítez,Mexico,Fall
K2,28/07/1989,Hans Bärnthaler,Austria,Windslab Avalanche (E face) nearby peak
K2,24/08/1987,Akira Suzuki,Japan,Fall
K2,10/08/1986,Dobrosława Miodowicz-Wolf,Poland,Exhaustion
K2,10/08/1986,Alfred Imitzer,Austria,Altitude sickness
K2,10/08/1986,Hannes Wieser,Austria,Altitude sickness
K2,10/08/1986,Alan Rouse,United Kingdom,Altitude sickness
K2,07/08/1986,Julie Tullis,United Kingdom,Altitude sickness
K2,04/08/1986,Mohammad Ali,Pakistan,Stonefall
K2,03/08/1986,Wojciech Wróż,Poland,Fall
K2,16/07/1986,Renato Casarotto,Italy,Fall into crevasse
K2,10/07/1986,Tadeusz Piotrowski,Poland,Fall
K2,24/06/1986,Maurice Barrard,France,"Lost, Body 1998 found near Camp 1"
K2,24/06/1986,Liliane Barrard,France,"Lost, Body 1998 found near Camp 1"
K2,21/06/1986,John Smolich,USA,Avalanche
K2,21/06/1986,Alan Pennington,USA,Avalanche
K2,07/07/1985,Daniel Lacroix,France,Unknown (disappeared)
K2,15/08/1982,Yukihiro Yanagisawa,Japan,Fall
K2,30/07/1982,Halina Krüger-Syrokomska,Poland,Stroke
K2,19/08/1979,Laskhar Khan,Pakistan,Stroke
K2,09/06/1979,"Ali, Son of Kazim",Pakistan,Fall into crevasse
K2,12/06/1978,Nick Estcourt,United Kingdom,Avalanche
K2,21/06/1954,Mario Puchoz,Italy,Pneumonia
K2,10/08/1953,Art Gilkey,USA,Avalanche
K2,31/07/1939,Pasang Kikuli,Nepal,Disappearance
K2,31/07/1939,Pasang Kitar,Nepal,Disappearance
K2,31/07/1939,Pintso,Nepal,Disappearance
K2,30/07/1939,Dudley Wolfe,USA,Altitude sickness and severe dehydration
Kangchenjunga,06/05/2022,Narayanan Iyer,India,Illness
Kangchenjunga,15/05/2019,Biplab Baidya,India,Hypothermia
Kangchenjunga,15/05/2019,Kuntal Kanrar,India,Hypothermia
Kangchenjunga,15/05/2019,Rodrigo Vivanco,Chile,Missing
Kangchenjunga,20/05/2014,Chhanda Gayen,India,Fall on descent above Camp 4
Kangchenjunga,20/05/2014,Migma Temba,Nepal,Fall on descent above Camp 4
Kangchenjunga,20/05/2014,Dewa Wangchu,Nepal,Fall on descent above Camp 4
Kangchenjunga,21/05/2013,Bibash Gurung Sherpa,Nepal,Fall
Kangchenjunga,21/05/2013,Pho Dorchi Sherpa,Nepal,Fall
Kangchenjunga,21/05/2013,Park-nam Su,South Korea,Fall
Kangchenjunga,21/05/2013,Péter Kiss,Hungary,Fall on descent above Camp 4
Kangchenjunga,21/05/2013,Zsolt Erőss,Hungary,Disappeared on descent above Camp 4
Kangchenjunga,25/05/2007,Iñigo de Pineda,Spain,Fall
Kangchenjunga,24/05/2002,Christopher Grasswick,Canada,Fall
Kangchenjunga,23/04/2000,Ang Dawa Tamang,Nepal,Hit by ice block
Kangchenjunga,14/09/1999,Myeong-kun Hyun,South Korea,Avalanche
Kangchenjunga,14/09/1999,Do-kyu Han,South Korea,Avalanche
Kangchenjunga,16/05/1998,Atsushi Shiina,Japan,Probably HACE
Kangchenjunga,16/05/1998,Kenzo Akasaka,Japan,Exhaustion
Kangchenjunga,06/10/1995,Benoît Chamoux,France,Disappeared
Kangchenjunga,05/10/1995,Pierre Royer,France,Disappeared
Kangchenjunga,05/10/1995,Sherpa Riku,Nepal,Fall
Kangchenjunga,23/10/1994,Yordanka Dimitrova,Bulgaria,Unknown (disappeared)
Kangchenjunga,10/10/1994,Sergei Zhvirblya,Belarus,Avalanche
Kangchenjunga,10/10/1994,Ekaterina Ivanova,Russia,Avalanche
Kangchenjunga,13/05/1992,Wanda Rutkiewicz,Poland,Unknown (disappeared)
Kangchenjunga,25/04/1992,Ang Dorje,Nepal,Suffocation
Kangchenjunga,25/04/1992,Lhakpa Nuru,Nepal,Suffocation
Kangchenjunga,16/05/1991,Pasang II,India,Fall
Kangchenjunga,03/05/1991,Jože Rozman,Yugoslavia,Fall
Kangchenjunga,03/05/1991,Marija Frantar,Yugoslavia,Fall
Kangchenjunga,20/12/1989,Tchiring Chumbi Lama,Nepal,Fall (on Yalung Kang)
Kangchenjunga,20/12/1989,Ang Dawa,Nepal,Fall (on Yalung Kang)
Kangchenjunga,20/12/1989,Kyo-sup Jin,South Korea,Fall (on Yalung Kang)
Kangchenjunga,17/05/1988,Sanjay Borole,India,Hypothermia
Kangchenjunga,31/05/1987,Chander Singh,India,Fall
Kangchenjunga,25/05/1987,Chorten Tshering,India,Disappearance
Kangchenjunga,25/05/1987,Phu Pu Bhutia,India,Disappearance
Kangchenjunga,25/05/1987,Phu Dorje II,India,Disappearance
Kangchenjunga,11/01/1986,Andrzej Czok,Poland,Pulmonary edema
Kangchenjunga,22/04/1985,Borut Bergant,Yugoslavia,Fall (on Yalung Kang)
Kangchenjunga,14/01/1985,Chris Chandler,United States,HACE
Kangchenjunga,15/10/1981,Jean-Jacques Ricouard,France,Fall
Kangchenjunga,04/05/1980,Alfonso Medina,Mexico,Disappeared (on Yalung Kang)
Kangchenjunga,04/05/1980,Hugo Saldaña,Mexico,Disappeared (on Yalung Kang)
Kangchenjunga,12/04/1977,Sukhvinder Singh,India,Fall
Kangchenjunga,15/05/1973,Takeo Matsuda,Japan,Hit by rock (after summitting Yalung Kang)
Kangchenjunga,26/05/1955,Pemi Dorje,India,Fall
Kangchenjunga,09/08/1931,Hermann Schaller,Germany,Fall
Kangchenjunga,09/08/1931,Pasang 1,India,Fall
Kangchenjunga,08/1931,Babu Lall,India,Illness (blackwater fever)
Kangchenjunga,07/1931,Lobsang,India,Illness
Kangchenjunga,09/05/1930,Chettan,India,Avalanche
Kangchenjunga,27/05/1929,Edgar Farmer,United States,Disappeared
Kangchenjunga,09/1905,three unnamed others,India,Fall
Kangchenjunga,09/1905,Alexis Pache,Switzerland,Fall
Kangchenjunga,28/08/1905,unnamed porter,India,Fall
Lhotse,17/05/2019,Ivan Tomov,Bulgaria,HACE
Lhotse,17/05/2018,Rustem Amirov,Russia,Altitude sickness
Lhotse,19/05/2016,Ang Furba Sherpa,Nepal,Fall
Lhotse,27/04/2015,Hiroshi Yamagata,Japan,Avalanche (2015 Mount Everest avalanches)
Lhotse,25/04/2015,Zhen-Fang Ge,China,Avalanche (2015 Mount Everest avalanches)
Lhotse,18/04/2014,Asman Tamang,Nepal,Avalanche (2014 Mount Everest ice avalanche)
Lhotse,20/05/2013,Hsiao-Shih Lee,Taiwan,Altitude sickness
Lhotse,16/10/2012,Temba Sherpa,Nepal,Fall
Lhotse,21/05/2012,Milan Sedláček,Czech Republic,Exhaustion
Lhotse,07/05/2010,Sergey Duganov,Russia,Altitude sickness
Lhotse,25/05/2009,Sergey Samoilov,Kazakhstan,Fall
Lhotse,21/05/2007,Pemba Doma,Nepal,Fall
Lhotse,09/05/2006,Pavel Kalný,Czech Republic,Fall
Lhotse,05/10/2003,Sun-dug Hwang,South Korea,Avalanche (on Lhotse Shar)
Lhotse,05/10/2003,Joo-hoon Park,South Korea,Avalanche (on Lhotse Shar)
Lhotse,17/09/2000,Vladimir Bondarev,Russia,Avalanche
Lhotse,27/05/1997,Vladimir Bashkirov,Russia,Illness
Lhotse,24/10/1989,Jerzy Kukuczka,Poland,Fall
Lhotse,27/09/1987,Antoni (Toni) Sors,Spain,Avalanche (on Lhotse Shar)
Lhotse,27/09/1987,Sergio Escalera,Spain,Avalanche (on Lhotse Shar)
Lhotse,27/09/1987,Francesc Porras,Spain,Avalanche (on Lhotse Shar)
Lhotse,27/09/1987,Antonio Quiñones,Spain,Avalanche (on Lhotse Shar)
Lhotse,14/09/1987,Czesław Jakiel,Poland,Avalanche
Lhotse,30/10/1986,Pedro Alonso,Spain,Fall (on Lhotse Shar)
Lhotse,25/10/1985,Rafał Chołda,Poland,Fall
Lhotse,16/10/1981,Philippe Petten,Switzerland,Disappearance (on Lhotse Shar)
Lhotse,16/10/1981,Pierre Favez,Switzerland,Disappearance (on Lhotse Shar)
Lhotse,17/05/1980,Pasang Nima,Nepal,Avalanche
Lhotse,28/04/1980,Nicolas Jaeger,France,Disappearance (on Lhotse Shar)
Lhotse,12/05/1977,Max Lutz,West Germany,Fall
Lhotse,17/12/1974,Stanislaw Latałło,Poland,Exhaustion
Makalu,24/05/2019,Nima Tshering Sherpa,Nepal,Unknown
Makalu,16/05/2019,Dipankar Ghos,India,Disappearance
Makalu,16/05/2019,Narayan Singh,India,Altitude sickness
Makalu,08/05/2019,Richard Hidalgo,Peru,Unknown
Makalu,14/05/2018,Ang Dawa Sherpa,Nepal,Altitude sickness
Makalu,11/05/2016,Lakpa Sherpa,Nepal,Death possibly due to lack of oxygen
Makalu,11/05/2016,Dawa Tenji Sherpa,Nepal,Death possibly due to lack of oxygen
Makalu,02/05/2014,Yannick Gagneret,France,HACE
Makalu,24/04/2013,Liu Xiang-Yang,China,Fall on the descent from the summit
Makalu,22/05/2011,Joëlle Brupbacher,Switzerland,Altitude sickness
Makalu,30/05/2010,Zaharias (Haris) Kiriakakis,Greece,Disappearance
Makalu,24/05/2009,Sangat Ram Thakur,India,Illness
Makalu,20/05/2008,Nil Prasad Gurung,Nepal,Altitude sickness (?)
Makalu,24/04/2008,Drabey Bahadur Rajan Mongar,Nepal,Fall
Makalu,27/01/2006,Jean-Christophe Lafaille,France,Disappearance
Makalu,15/05/2005,Sumba Sherpa,Nepal,Altitude sickness
Makalu,18/05/2004,Jay Sieger,United States,Fall
Makalu,17/05/2004,Vladislav Terzyul,Ukraine,Fall
Makalu,25/04/2002,Raymond Caughron,United States,Probably exhaustion
Makalu,14/05/2001,Eric Resch,Australia,Disappearance
Makalu,16/05/2000,Bernd Mehnert,Germany,Probably pulmonary embolism
Makalu,11/10/1999,Sange Sherpa,Nepal,Avalanche
Makalu,30/04/1999,Michael Knakkergaard-Jørgensen,Denmark,Fall
Makalu,13/10/1997,Per Lyhne,Denmark,Illness
Makalu,24/05/1997,Igor Bugachevski,Russia,Rockfall
Makalu,21/05/1997,Salavat Khabibullin,Russia,Exhaustion
Makalu,14/05/1996,Anatoli Chlekht,Russia,Fall
Makalu,08/05/1995,David Hume,Australia,Fall
Makalu,08/10/1991,Takumi Ishizaka,Japan,"Exhaustion, Exposure"
Makalu,02/10/1991,Manuel (Manu) Badiola,Spain,Fall
Makalu,14/10/1988,Ryszard Kołakowski,Poland,Disappearance
Makalu,25/09/1986,Marcel Rüedi,Switzerland,Exhaustion
Makalu,13/09/1984,Ram Bahadur Shresta,Nepal,Pulmonary edema at base camp
Makalu,15/10/1983,Mark Moorhead,Australia,Fall
Makalu,03/10/1983,William Denz,New Zealand,Avalanche
Makalu,26/09/1982,Tadeusz Szulc,Poland,Illness
Makalu,06/10/1978,Andrzej Młynarczyk,Poland,Avalanche
Makalu,25/05/1976,Karel Schubert,Czechoslovakia,"Cold, exhaustion"
Makalu,26/05/1973,Jan Kounický,Czechoslovakia,Fall
Makalu,26/09/1954,Dilli Bahadur Verma,Nepal,Pneumonia
Manaslu,29/09/2021,Brent Seal,Canada,Stroke
Manaslu,28/09/2019,Rita Bladyko,Poland,Altitude sickness
Manaslu,29/09/2018,Roman Hlávko,Czech Republic,Probably fall
Manaslu,08/09/2018,Hiromi Komatsu,Japan,Rescue helicopter crash
Manaslu,25/09/2017,Philip Harvey,United Kingdom,Altitude Sickness
Manaslu,26/10/2016,Hirotaka Onodera,Japan,Fall
Manaslu,10/2015,Zoltan Benedek,Austria,Probably altitude sickness
Manaslu,26/09/2014,Yoshimasa Sasaki,Japan,Fall
Manaslu,04/10/2012,Victor Correa,Colombia,Unknown (disappeared)
Manaslu,23/09/2012,Dominique Ouimet,Canada,Avalanche
Manaslu,23/09/2012,Gregory Ugo Costa,France,Avalanche
Manaslu,23/09/2012,Alberto Magliano,Italy,Avalanche
Manaslu,23/09/2012,Catherine Ricard,France,Avalanche
Manaslu,23/09/2012,Christian Mittermeyer,Germany,Avalanche
Manaslu,23/09/2012,Dawa Dorji Sherpa,Nepal,Avalanche
Manaslu,23/09/2012,Fabrice Priez,France,Avalanche
Manaslu,23/09/2012,Ludovic Challeat,France,Avalanche
Manaslu,23/09/2012,Marti Roig Gasull,Spain,Avalanche
Manaslu,23/09/2012,Phillippe Lucien Bos,France,Avalanche
Manaslu,23/09/2012,Rémy Lécluse,France,Avalanche
Manaslu,11/05/2012,Jafar Naseri,Iran,Unknown (disappeared)
Manaslu,12/05/2011,Tashi Chhiring,Nepal,Unknown (disappeared)
Manaslu,12/05/2011,Bernard Jean Francois Milian,France,Unknown (disappeared)
Manaslu,12/05/2011,Alain Peirre Marie Laurens,France,Unknown (disappeared)
Manaslu,29/04/2011,Eisa Mir-Shekari,Iran,Altitude sickness
Manaslu,24/09/2010,Nobuaki Kuwabara,Japan,Illness
Manaslu,24/04/2010,Chi-won Yun,South Korea,Unknown (disappeared)
Manaslu,24/04/2010,Haeng-su Park,South Korea,Exhaustion
Manaslu,03/10/2009,Franc Oderlap,Slovenia,"Hit by falling seracs, died in hospital"
Manaslu,19/05/2009,Levente Szabó,Hungary,Fall
Manaslu,28/04/2009,Giuseppe Antonelli,Italy,Illness
Manaslu,05/10/2008,Daniel Goulevitch,France,Altitude sickness
Manaslu,13/05/2008,Hasta Bahadur Gurung,Nepal,Illness
Manaslu,28/05/2006,Susan Erica Fear,Australia,Fall in crevasse
Manaslu,13/10/2001,Isao Kuribara,Nepal,"Altitude sickness, Exhaustion"
Manaslu,30/10/1998,Hristo Stantchev,Bulgaria,Fall
Manaslu,26/10/1998,Lenin Granados,Colombia,Avalanche
Manaslu,09/10/1997,Miroslav Rybansky,Slovakia,Collapsed
Manaslu,08/10/1997,Juraj Kardhordo,Slovakia,Unknown (disappeared)
Manaslu,10/1996,Masatsugu Konishi,Japan,Unknown (disappeared)
Manaslu,07/05/1995,Michael Zunk,Germany,Fall
Manaslu,06/05/1995,Jörg Starke,Germany,Fall
Manaslu,22/10/1993,Sergei Jadrychnikov,Russia,Avalanche
Manaslu,21/10/1993,Igor Khmiliar,Russia,Fall
Manaslu,03/10/1992,Sven Vermeiren,Belgium,Fall
Manaslu,02/10/1992,Sylwia Dmowska,Poland,Fall
Manaslu,10/05/1991,Karl Großrubatscher,Italy,Fall
Manaslu,10/05/1991,Gottfried Mutschlechner,Italy,Lightning
Manaslu,07/09/1990,Murat Galiev,Soviet Union,Fall
Manaslu,07/09/1990,Zinur Halitov,Soviet Union,Fall
Manaslu,07/09/1990,Grigory Lunjakov,Soviet Union,Fall
Manaslu,27/03/1990,Nima Wangchuk Sherpa,Nepal,Avalanche
Manaslu,27/03/1990,Charles Schertz,United States,Avalanche
Manaslu,27/03/1990,Nancy Jackson,United States,Avalanche
Manaslu,07/05/1989,Santiago Suarez,Spain,Fall
Manaslu,28/10/1987,Ichigi Kudo,Japan,Fall
Manaslu,04/05/1986,Dieter Oberbichler,Austria,Fall
Manaslu,03/05/1986,Wilhelm Klaiber,West Germany,Unknown (disappeared)
Manaslu,25/10/1985,Nima Norbu Sherpa,Nepal,Avalanche
Manaslu,04/05/1985,Thomas Juen,Austria,Avalanche
Manaslu,11/12/1983,Stanisław Jaworski,Poland,Fall
Manaslu,24/04/1983,Ante Bućan,Yugoslavia,Avalanche
Manaslu,24/04/1983,Nejc Zaplotnik,Yugoslavia,Avalanche
Manaslu,18/12/1982,Takashi Sakuma,Japan,"Cold, Exhaustion"
Manaslu,10/05/1982,Pere Aymerich,Spain,Avalanche
Manaslu,10/05/1982,Enric Font,Spain,Avalanche
Manaslu,08/10/1979,Edgardo Jose Porsellana,Argentina,Avalanche
Manaslu,05/05/1974,Teiko Suzuki,Japan,Unknown (disappeared)
Manaslu,26/04/1972,Andi Schlick,Austria,Unknown (disappeared)
Manaslu,25/04/1972,Franz Jäger,Austria,Unknown (disappeared)
Manaslu,10/04/1972,Wangel,Nepal,Avalanche
Manaslu,10/04/1972,Rinsing Ongyal,Nepal,Avalanche
Manaslu,10/04/1972,Phurba Tenzing,Nepal,Avalanche
Manaslu,10/04/1972,Pemba Rinji (Nawang Chultim),Nepal,Avalanche
Manaslu,10/04/1972,Pasang Nima,Nepal,Avalanche
Manaslu,10/04/1972,Gyalze,Nepal,Avalanche
Manaslu,10/04/1972,Ang Tendi (Ang Dawa),Nepal,Avalanche
Manaslu,10/04/1972,Ang Rita,Nepal,Avalanche
Manaslu,10/04/1972,Ang Mingma (b),Nepal,Avalanche
Manaslu,10/04/1972,Ang Mingma (a),Nepal,Avalanche
Manaslu,10/04/1972,Kazunari Yasuhisha,Japan,Avalanche
Manaslu,10/04/1972,Chang-hee Park,South Korea,Avalanche
Manaslu,10/04/1972,Sae-keon Oh,South Korea,Avalanche
Manaslu,10/04/1972,Joon-haeng Song,South Korea,Avalanche
Manaslu,10/04/1972,Ho-sup Kim,South Korea,Avalanche
Manaslu,04/05/1971,Ki-sup Kim,South Korea,Fall
Nanga-Parbat,24/02/2019,Daniele Nardi,Italy,Unknown
Nanga-Parbat,24/02/2019,Tom Ballard,United Kingdom,Unknown
Nanga-Parbat,27/01/2018,Tomasz Mackiewicz,Poland,Altitude Sickness
Nanga-Parbat,24/06/2017,Alberto Zerain,Spain,Avalanche
Nanga-Parbat,24/06/2017,Mariano Galvan,Argentina,Avalanche
Nanga-Parbat,22/06/2013,Igor Svergun,Ukraine,Killed by Taliban at Diamir Base Camp
Nanga-Parbat,22/06/2013,Badawi Kashaev,Ukraine,Killed by Taliban at Diamir Base Camp
Nanga-Parbat,22/06/2013,Dmitry Konyaev,Ukraine,Killed by Taliban at Diamir Base Camp
Nanga-Parbat,22/06/2013,Rao Jianfeng,China,Killed by Taliban at Diamir Base Camp
Nanga-Parbat,22/06/2013,Yang Chunfeng,China,Killed by Taliban at Diamir Base Camp
Nanga-Parbat,22/06/2013,Honglu Chen,China (USA/China dual national),Killed by Taliban at Diamir Base Camp
Nanga-Parbat,22/06/2013,Sona Sherpa,Nepal,Killed by Taliban at Diamir Base Camp
Nanga-Parbat,22/06/2013,Ernestas Markšaitis,Lithuania,Killed by Taliban at Diamir Base Camp
Nanga-Parbat,22/06/2013,Ali Hussain,Pakistan,Killed by Taliban at Diamir Base Camp
Nanga-Parbat,22/06/2013,Anton Dobes,Slovakia,Killed by Taliban at Diamir Base Camp
Nanga-Parbat,22/06/2013,Peter Sperka,Slovakia,Killed by Taliban at Diamir Base Camp
Nanga-Parbat,06/02/2013,Joel Wischnewski,France,Avalanche
Nanga-Parbat,11/07/2009,Mi-young Go,South Korea,Fall
Nanga-Parbat,10/07/2009,Wolfgang Kölblinger,Austria,Fall
Nanga-Parbat,17/07/2008,Saman Nemati,Iran,Unknown
Nanga-Parbat,15/07/2008,Karl Unterkircher,Italy,Fell into crevasse
Nanga-Parbat,28/07/2006,Naohiro Ozawa,Japan,Unknown
Nanga-Parbat,22/07/2006,José Antonio Delgado,Venezuela,Exposure
Nanga-Parbat,07/2004,Günter Jung,Germany,Fall
Nanga-Parbat,26/07/1998,Hideki Ohmiya,Japan,Fall
Nanga-Parbat,30/07/1997,Joan Colet,Spain,Fell during descent
Nanga-Parbat,20/06/1996,Răzvan Petcu,Romania,Avalanche
Nanga-Parbat,20/06/1996,Gabriel Stana,Romania,Avalanche
Nanga-Parbat,24/06/1994,Antonio Lopez,Spain,Fall
Nanga-Parbat,07/07/1993,Chun-moon Ahn,South Korea,Unknown
Nanga-Parbat,18/08/1990,Osami Nakajima,Japan,Fall
Nanga-Parbat,03/07/1990,Chang-gi Park,South Korea,Fall into a crevasse
Nanga-Parbat,18/07/1989,Tetsuya Baba,Japan,Lightning strike
Nanga-Parbat,23/06/1989,Kwang-ho Kim,South Korea,Fall
Nanga-Parbat,10/07/1985,Piotr Kalmus,Poland,Avalanche
Nanga-Parbat,08/12/1984,Hiromi Kameda,Japan,Fall
Nanga-Parbat,07/07/1984,Fuji Tsunoda,Japan,Avalanche
Nanga-Parbat,07/07/1984,Shigeoh Hida,Japan,Avalanche
Nanga-Parbat,07/07/1984,Nobuyuki Imakyurei,Japan,Avalanche
Nanga-Parbat,07/07/1984,Takashi Kogure,Japan,Avalanche
Nanga-Parbat,12/07/1983,Nobuyoshi Yamada,Japan,Avalanche
Nanga-Parbat,12/07/1983,Yuichiro Takamori,Japan,Avalanche
Nanga-Parbat,12/07/1983,Satoshi Iida,Japan,Avalanche
Nanga-Parbat,17/06/1983,Kazuo Shimura,Japan,Fall
Nanga-Parbat,08/06/1982,Peter Hiltbrand,Switzerland,Altitude sickness
Nanga-Parbat,12/06/1982,Ali Sheikh,Pakistan,Fall
Nanga-Parbat,04/06/1982,Peter Forrer,Switzerland,Avalanche
Nanga-Parbat,28/04/1982,Matloob Hassan Nuri,Pakistan,Fall into crevasse
Nanga-Parbat,31/07/1977,Robert Broughton,United States,Avalanche
Nanga-Parbat,31/07/1977,George Bogel,United States,Avalanche
Nanga-Parbat,26/09/1976,Sebastian (Wastl) Arnold,Austria,Fall
Nanga-Parbat,08/07/1971,Näbi Mantas Hunza,Pakistan,Fall
Nanga-Parbat,29/06/1970,Günther Messner,Italy,Avalanche
Nanga-Parbat,23/06/1962,Siegfried (Sigi) Löw,Germany,Fall
Nanga-Parbat,04/12/1950,John W. Thornley,United Kingdom,Unknown
Nanga-Parbat,04/12/1950,William H. Crace,United Kingdom,Unknown
Nanga-Parbat,14/06/1937,Karl Wien,Germany,Avalanche
Nanga-Parbat,14/06/1937,Martin Pfeffer,Germany,Avalanche
Nanga-Parbat,14/06/1937,Peter Müllritter,Germany,Avalanche
Nanga-Parbat,14/06/1937,Günther Hepp,Germany,Avalanche
Nanga-Parbat,14/06/1937,Hans Hartmann,Germany,Avalanche
Nanga-Parbat,14/06/1937,Adolf Göttner,Germany,Avalanche
Nanga-Parbat,14/06/1937,Pert Fankhauser,Austria,Avalanche
Nanga-Parbat,14/06/1937,Tigmay,British Raj,Avalanche
Nanga-Parbat,14/06/1937,Pasang Norbu,British Raj,Avalanche
Nanga-Parbat,14/06/1937,Nima Tsering I,British Raj,Avalanche
Nanga-Parbat,14/06/1937,Nima Tsering II,British Raj,Avalanche
Nanga-Parbat,14/06/1937,Mingma Tsering,British Raj,Avalanche
Nanga-Parbat,14/06/1937,Karmi,British Raj,Avalanche
Nanga-Parbat,14/06/1937,Gyalgen Monjo,British Raj,Avalanche
Nanga-Parbat,14/06/1937,Chong Karma,British Raj,Avalanche
Nanga-Parbat,14/06/1937,Ang Tshering II,British Raj,Avalanche
Nanga-Parbat,17/07/1934,Willy Merkl,Germany,Unknown
Nanga-Parbat,17/07/1934,Sherpa Gyali,British Raj,Unknown
Nanga-Parbat,12/07/1934,Wilhelm Welzenbach,Germany,Exposure
Nanga-Parbat,10/07/1934,Sherpa Dakshi,British Raj,Unknown
Nanga-Parbat,10/07/1934,Dorje Nima,British Raj,Exposure
Nanga-Parbat,10/07/1934,Nima Tashi,British Raj,Exposure
Nanga-Parbat,10/07/1934,Pinju Norbu,British Raj,Exposure
Nanga-Parbat,09/07/1934,Nima Nurbu,British Raj,Unknown
Nanga-Parbat,09/07/1934,Ulrich Wieland,Germany,Unknown
Nanga-Parbat,08/06/1934,Alfred Drexel,Germany,Pneumonia
Nanga-Parbat,24/08/1895,Albert F. Mummery,United Kingdom,Avalanche
Nanga-Parbat,24/08/1895,Ragobir Thapa Ghurka,Nepal,Avalanche
Nanga-Parbat,24/08/1895,Goman Singh Ghurka,Nepal,Avalanche
Shishapangma,03/05/2018,Boyan Petrov,Bulgaria,Disappearance
Shishapangma,30/09/2016,Pemba Sherpa (Taplejung 8),Nepal,Avalanche
Shishapangma,24/04/2016,Patrik Matiolli,Switzerland,Fall in crevasse
Shishapangma,24/04/2016,Jon Johnston,Australia,Fall in crevasse
Shishapangma,24/09/2014,Sebastian Haag,Germany,Avalanche
Shishapangma,24/09/2014,Andrea Zambaldi,Italy,Avalanche
Shishapangma,11/05/2013,Unknown,Germany,HAPE
Shishapangma,15/10/2009,Roby Piantoni,Italy,Fall
Shishapangma,24/04/2007,Marek Hudák,Slovakia,Disappearance
Shishapangma,31/10/2006,Bruno Carvalho,Portugal,Fall
Shishapangma,03/10/2005,Stanislav Krylov,Russia,Disappearance
Shishapangma,28/09/2005,Martin Oczko,Czech Republic,Altitude sickness
Shishapangma,05/10/1999,Alex Lowe,United States,Avalanche
Shishapangma,05/10/1999,David Bridges,United States,Avalanche
Shishapangma,21/05/1998,Andreino Pasini,Italy,Illness
Shishapangma,05/10/1996,Viktor Pastukh,Ukraine,Avalanche
Shishapangma,05/10/1996,Gennadi Vasilenko,Ukraine,Avalanche
Shishapangma,19/05/1997,Ming-Tse Kuo,Taiwan,Fall
Shishapangma,05/1996,Stefan Sluka,Slovakia,Disappeared on descent
Shishapangma,10/1994,Zdenek Slachta,Czech Republic,Avalanche
Shishapangma,18/09/1994,Tod Gassen,United States,Fall in crevasse
Shishapangma,29/09/1993,Bueoung-tae Park,South Korea,Fall
Shishapangma,20/09/1991,Hidekazu Gomi,Japan,Avalanche
Shishapangma,20/09/1991,Tetsuichi Miyashita,Japan,Avalanche
Shishapangma,22/05/1991,Werner Braun,Germany,Disappearance (probably avalanche)
Shishapangma,22/05/1991,Werner Meichsner,Germany,Disappearance (probably avalanche)
Shishapangma,22/05/1991,Günther Semmler,Germany,Disappearance (probably avalanche)
Shishapangma,22/05/1991,Karl-Heinz Thiele,Germany,Disappearance (probably avalanche)
Shishapangma,15/10/1990,Joan Martinez,Spain,Exposure
Shishapangma,04/10/1989,Luca Leonardi,Switzerland,Avalanche
Shishapangma,28/04/1983,Fritz Luchsinger,Switzerland,Altitude sickness
